-- ============================================
-- 脚本：V1.2.7__legal_basis_mock_data.sql
-- 版本：1.2.7
-- 日期：2026-04-28
-- 描述：定性依据和处理依据 Mock 数据
-- 注意：使用较高的 ID (1001, 1002) 避免与现有数据冲突
-- ============================================

-- 定性依据内容标签定义
-- sort_order: 1-编号, 2-违法类型, 3-颁发机构, 4-实施时间, 5-效级, 6-条款内容, 7-法律责任, 8-裁量标准

-- 插入定性依据主表数据（使用 ID 1001, 1002）
INSERT INTO `sys_legal_basis` (`basis_id`, `title`, `regulation_id`, `status`, `del_flag`, `create_by`, `create_time`, `remark`) VALUES
(1001, '超出资质认可范围从事诊疗活动', 1, '0', '0', 'admin', NOW(), '基本医疗卫生与健康促进法'),
(1002, '医疗卫生机构等未按规定报告传染病疫情', 1, '0', '0', 'admin', NOW(), '传染病防治法');

-- 插入定性依据内容表数据
-- 第一条定性依据的内容（8行）
INSERT INTO `sys_legal_basis_content` (`basis_id`, `label`, `content`, `sort_order`, `create_by`, `create_time`) VALUES
(1001, '编号', '001', 1, 'admin', NOW()),
(1001, '违法类型', '超出资质认可范围', 2, 'admin', NOW()),
(1001, '颁发机构', '卫健委', 3, 'admin', NOW()),
(1001, '实施时间', '2020-06-01', 4, 'admin', NOW()),
(1001, '效级', '法律', 5, 'admin', NOW()),
(1001, '条款内容', '基本医疗卫生与健康促进法第三十八条：医疗卫生机构不得使用非卫生技术人员从事医疗卫生技术工作。', 6, 'admin', NOW()),
(1001, '法律责任', '由县级以上人民政府卫生健康主管部门责令停止执业，没收违法所得，并处罚款；情节严重的，吊销执业证书。', 7, 'admin', NOW()),
(1001, '裁量标准', '轻微：责令停止执业，处1万元以下罚款；一般：责令停止执业，处1-3万元罚款；严重：责令停止执业，处3-5万元罚款，吊销执业证书。', 8, 'admin', NOW());

-- 第二条定性依据的内容（8行）
INSERT INTO `sys_legal_basis_content` (`basis_id`, `label`, `content`, `sort_order`, `create_by`, `create_time`) VALUES
(1002, '编号', '002', 1, 'admin', NOW()),
(1002, '违法类型', '传染病防治', 2, 'admin', NOW()),
(1002, '颁发机构', '卫健委', 3, 'admin', NOW()),
(1002, '实施时间', '2020-06-01', 4, 'admin', NOW()),
(1002, '效级', '法律', 5, 'admin', NOW()),
(1002, '条款内容', '传染病防治法第三十条：疾病预防控制机构、医疗机构和采供血机构及其工作人员发现传染病疫情，应当按照规定及时报告。', 6, 'admin', NOW()),
(1002, '法律责任', '由属地卫生健康主管部门责令改正，通报批评，给予警告；对负有责任的主管人员和其他直接责任人员，依法给予处分。', 7, 'admin', NOW()),
(1002, '裁量标准', '轻微：责令改正，警告；一般：责令改正，通报批评；严重：给予处分，构成犯罪的，依法追究刑事责任。', 8, 'admin', NOW());

-- 处理依据主表数据（使用 ID 1001, 1002）
INSERT INTO `sys_processing_basis` (`basis_id`, `title`, `regulation_id`, `status`, `del_flag`, `create_by`, `create_time`, `remark`) VALUES
(1001, '超出资质认可范围 - 处罚', 1, '0', '0', 'admin', NOW(), '裁量标准'),
(1002, '传染病疫情瞒报 - 处罚', 1, '0', '0', 'admin', NOW(), '裁量标准');

-- 处理依据内容表数据
-- 第一条处理依据的内容（8行）
INSERT INTO `sys_processing_basis_content` (`basis_id`, `label`, `content`, `sort_order`, `create_by`, `create_time`) VALUES
(1001, '编号', 'P001', 1, 'admin', NOW()),
(1001, '违法类型', '超出资质认可范围', 2, 'admin', NOW()),
(1001, '颁发机构', '卫健委', 3, 'admin', NOW()),
(1001, '实施时间', '2020-06-01', 4, 'admin', NOW()),
(1001, '效级', '法律', 5, 'admin', NOW()),
(1001, '条款内容', '基本医疗卫生与健康促进法第三十八条', 6, 'admin', NOW()),
(1001, '法律责任', '责令停止执业、没收违法所得、罚款、吊销执业证书', 7, 'admin', NOW()),
(1001, '裁量标准', '轻微：停执+1万以下罚款；一般：停执+1-3万罚款；严重：停执+3-5万罚款+吊证', 8, 'admin', NOW());

-- 第二条处理依据的内容（8行）
INSERT INTO `sys_processing_basis_content` (`basis_id`, `label`, `content`, `sort_order`, `create_by`, `create_time`) VALUES
(1002, '编号', 'P002', 1, 'admin', NOW()),
(1002, '违法类型', '传染病疫情瞒报', 2, 'admin', NOW()),
(1002, '颁发机构', '卫健委', 3, 'admin', NOW()),
(1002, '实施时间', '2020-06-01', 4, 'admin', NOW()),
(1002, '效级', '法律', 5, 'admin', NOW()),
(1002, '条款内容', '传染病防治法第三十条', 6, 'admin', NOW()),
(1002, '法律责任', '责令改正、通报批评、警告、处分', 7, 'admin', NOW()),
(1002, '裁量标准', '轻微：责令改正+警告；一般：责令改正+通报批评；严重：处分+追究刑责', 8, 'admin', NOW());
